[
  {
    "name": "Wuwa",
    "program_path": "C:/Users/Maurice/Desktop/ok-ww Daily Task exit_after.lnk",
    "schedule_time": "2025-11-21T20:15:00",
    "recurrence": "Daily",
    "enabled": true,
    "id": 1,
    "created_at": "2025-11-21T14:20:27.643045",
    "updated_at": "2025-11-21T20:54:15.008735"
  },
  {
    "name": "DNA",
    "program_path": "C:/Users/Maurice/Desktop/ok-dna.lnk",
    "schedule_time": "2025-11-21T21:15:00",
    "recurrence": "Daily",
    "enabled": true,
    "id": 2,
    "created_at": "2025-11-21T14:48:56.662058",
    "updated_at": "2025-11-21T14:49:12.103052"
  }
]